path,bytes,sha256
.gitignore,91,b3cca5b16bf19698143266c22afa972a4c61266e723d4eea2425f27f496f54e4
README.md,10488,e4618118c8058ccd570cfd56144e60157e5189e2de3fedc8df71d3242be0b096
additional_model/VERSION_NOTE.md,1307,1fb7ef1a6ab3cee325de40e39fc4cbd9d1dedaddc97eb6dd92b0ada66bc8dd18
additional_model/forecast_model_received.zip,876529,81ff77e8cf7050ca34b22bcf30ab51b05ea652c36a71d8132a7a1a99721f250e
reports/01_JURY_REPORT.pdf,472726,aef077e6779b9efbfa3f7841956febb5e5618ce33e4471a2d96c1df55988b345
reports/02_CRITERIA.md,4174,248cee092bdb100a3970040a703dd4679b45d4e3ef45c187708365bf680768c8
reports/03_ARCHITECTURE.md,2997,4dfbf64ff8df8fab900180c364ecffd1b033d1af9d93447b43184a43f2a7b21b
reports/04_EXTERNAL_DATA.csv,1452,f1fa936622734de8abb98fec7b75f953d88e3d3cf6708a8159bdaf1f3971b02d
reports/04_EXTERNAL_DATA.md,3291,1f57056efc8bbc2b43a5b712a1c9f715a1a14141a95118b91914a8c74f16d9ae
reports/05_MODEL.md,4381,5a147b7e1346fc12fb3d2126dd53d6a60fcfd739522fe1b4380943853c54340c
reports/06_PERFORMANCE.md,6994,cc477d551bbf3200d1240d2599df72bdb877f6f7205e28b5d232f248ac7daec4
reports/07_JURY_GUIDE.md,2032,8a8573b71bb4f8f735da5e657ba2ce0b780b6d9354acc4c85407671af1963020
reports/08_LIMITATIONS.md,3077,0bc31ac377ea168c5173dbf046cd8a5f77d5257fe587478bff591a6295af9151
reports/09_SUBMISSION_FIELDS.md,6219,c6ebde17f7cec9187eb57059cfad0e48243e76eb3a23fe948b335032267dd933
reports/PUBLICATION_NOTES.md,808,83e6b851a9d9cca52a465c48fd62cc0f5e99420f5618fcdec750b90d4875695c
reports/requirements.pdf,152322,c760dd0c9a6944d02676fbde9b3e6a1759f3e5682fb970ac1ebc36d2b608152c
service/.dockerignore,97,d399cfaea38e0c5ea284d57dedd162f2a30352f6fae451e7e7b517cdb57ea4a2
service/.gitignore,160,051510e031ff116a76b9b368f911dc37c6483cc1dde3d0d7809badec75117a8f
service/Dockerfile,519,0f08de84cfba936b1cd38d02b4da2a02e634875434b7a5f7d7dd22313cee2fe7
service/README.md,6850,3d9463771182884dce7875f948408178693f8a1a301071938296b612a219ddc1
service/app/__init__.py,0,e3b0c44298fc1c149afbf4c8996fb92427ae41e4649b934ca495991b7852b855
service/app/analytics.py,6933,51e60c5070c5c44c682ff6d3345bc5faf322a5bd5cf8943178bfe759b03fc95b
service/app/data_quality.py,2866,e9a70165aad692e514cfa665e06c6a39ca68807b3d08dead582d121943278912
service/app/dispatch.py,8766,1e5c47358d9d5bd1db6107f6283dcaa9982f0279b45341cec9fb55e7e3bad3f1
service/app/external_effect.py,1470,96b628a2a74ed285482a366c882a0e1c9811241aff30d248f06c2f004dfc16e8
service/app/fonts/DejaVuSans-Bold.ttf,708920,5c1247acef7f2b8522a31742c76d6adcb5569bacc0be7ceaa4dc39dd252ce895
service/app/fonts/DejaVuSans.ttf,759720,ae7b7855e115a5966d8b1b3f80f254ccc117ec86f9965e202ee2940453837280
service/app/fonts/LICENSE.txt,3859,63d3ba759d12804c5b31a9d5940d855c1820d1f5999e6b0872eb1c7ff045fbc9
service/app/model_runtime.py,4586,a1f8efd81f1ad3f770977ead29fc5ec9bd914bf757840083e97a6dc76bb37052
service/app/planning.py,5777,22d1a6b7dc31ba8663aab072b6e7bc1d537f6ce99ce5a498049c507323b73853
service/app/quality_experiment.py,4520,535306c05ca13e5302853fbe978c0ca1a823e11ccfe0bf3e6a1627b447144767
service/app/reports.py,27042,e54d6ade95da41e3072e947d19f59db32694df85bb3fa8d392e59df1d34d42d9
service/app/scenario_engine.py,20254,f560a52a4afbc69a3618b4aead7b96755b1ffd87d7b13d04fa04d1639e05d97d
service/app/server.py,45016,01f736741cb4e51682f8a7969bfe4bd420b910b96891955b2c7d52b5a7d94300
service/app/simulation.py,12317,cd92c92fddcb72f3b0a22c6dd4ab841a4c3fef4c9ba57f13939e0da93c6f63b3
service/app/static/app.js,23927,66acb44731f52af3db4e66e77c918ab6d0203d38f244efa3e8da699a3e102dac
service/app/static/index.html,13813,a1912d4bb55aeec13128c4947b0548359c429f6ba3dfe964b6c33cbd0781459a
service/app/static/lab.js,27411,35461359d2b833160367774930250383d5812518ed1a144287a2dc4c8f238102
service/app/static/planner.js,24578,00b88842acea19275f659e293eb08fc08487b194df90898877b87c57108fef00
service/app/static/style.css,23096,1b8e0bb45109189c22e8dd4a9aa13ffff0b36e13dbf899f51fe84e78ce065f80
service/compose.yaml,562,4e22bbb1dd70c430b098c5776f229d5b8abea14b9f5c3723a02fc7feb33f66c1
service/data/actual.example.csv,43,db8e4fb99aeb7dfd424e48db89499e45e2cf77e90fc84be2942a2e549b65591a
service/data/backtest_summary.json,2518,5c7c772b82ef587185318c51312dbe1076dcb71cf4639c90cd012a76a12f083d
service/data/context_sources.json,1229,6d6c804aeab4f7e1debacf19aa0ce54302e5008ec62d5521744f44309952d992
service/data/development_catalog.json,2476,fe55885cddf80366fd3716b24bb77a992771c8ced46a948f75cfcd93d178b8c9
service/data/events.example.json,3,37517e5f3dc66819f61f5a7bb8ace1921282415f10551d2defa5c3eb0985b570
service/data/events.json,2636,19ec4b812540b8f47e4afeca39b748b10bb0fefece8ab6a0900c7d707e24439c
service/data/forecast.csv,308176,4d38f82845c40b780540b1eca2193c9ab230ff2852f712ff7890ca13f8e53166
service/data/model_card.json,2518,5c7c772b82ef587185318c51312dbe1076dcb71cf4639c90cd012a76a12f083d
service/data/moscow_forecast_runs_sept2025.csv,770535,a53ee2fe0fa330363f6842f4d4be8e94682c91e330f30dd006e84a80c24a052b
service/data/passenger_model.json,24392,084e31a7af5dbb09383b4ecfe8295caf298c3665945dd37a8b65aebe48c6b94b
service/data/poi_downloads/route_1.json,112498,7c60f3e78beaad003aab267d7edc3aada14a2d629d98ecbd7f8d86fd656c7fa6
service/data/poi_downloads/route_11_metro.json,32761,fd0c98aa7d5c39896849778b73bf811736abb1d48a75dc6f6744de8ec79b25ba
service/data/poi_downloads/route_11_schools_hospitals.json,139643,6a7dcf30fcb68880b47309587969ab24422b48c2d5785c1f29d638d18b394b25
service/data/poi_downloads/route_12_metro.json,55991,42eafbc39b63cf60c7ca57dca69a4c9d49636cfcc29ca6f4da7163c101ff3010
service/data/poi_downloads/route_7.json,745604,4f2d8179195a5315b0bb9aba1750d0a568649086e4226d54c24c0af2c3e8b5ae
service/data/quality.json,3397,33d341cbdee7fc7ba9d7b7ca5fce5861d3ef7ff299393217fe4c4a486f81d7a6
service/data/routes.json,17341,be0ce72b343e5c79c1d8c4f527ed9f16cf0aba42cca45243e0f92d811794cdaf
service/data/stop_activity_model.json,1051,8d575920c1dde9073c7e230bde06d8ad83261858b5edb8bb1c03eadca3aa7ed1
service/data/stop_poi.csv,2115,3ee47b77689ef5dc8e665aef1af0ec89af6c2c3f532d58e6aa2969baa5039182
service/data/submission_competition.csv,293532,a9fa876d26d5bec3952c5ebaafc91673656306952a4cf8660d205a37241a856c
service/data/submission_template.csv,267695,465cec815ab38b0d607a5dad8fdc456c9931ad44c4ae1af7005b13690cef13ae
service/data/weather_effect.json,2881,7cc02587f62a8cfa547bf46e6c3cea864fc7b14443d2983c70afa0c4d238d204
service/data/weather_hourly.csv,238940,183ec8d9894894e47aa7fa58e08ad17ac4fd9f3fd1aca0ae2a06e8ed8109dea2
service/data/works_case_study.json,906,177083587d28dcde161bcc8b9a85819fa8be03fc0b65a5ec55bac530c01fc4b1
service/deploy/.env.example,111,a826d57b0bb8374f5e92044d3c7af19dfd35935e0a2c7793a21d39b2604ed5ba
service/deploy/Caddyfile,190,f902ff4285c93598870fd963b74a75715c793ff115cec666a9d8f433d2159368
service/deploy/HOSTING.md,1175,b72776f7cd588a067b5ca6cacd97d64c996a321f16c89d1958e61774ee79277c
service/deploy/compose.production.yaml,1499,7959cf2a13b647550daa5f19ce3951c2288e0d655627658740ec244ee413d1d6
service/deploy/monitor-container.sh,1009,852fa7e00e41cf2f156bd348734000e86b90ff554cec0db26e3d43f3a468cc72
service/deploy/start.sh,543,be143f56875ff62260e7b01e8b16b655657bfcce990d28c9e048af487cbd741e
service/experiments/external_effects/experiment.py,5695,9b84257e1e893afeb44e4b74756398df710b88295ca98dedf2f33cb42d6181da
service/experiments/external_effects/results.json,1410,d28b20dade4202794e82a67e65b17d8f4697d1fc7dfab84a212f7cd4c6310da1
service/experiments/external_effects/works_case_study.json,906,177083587d28dcde161bcc8b9a85819fa8be03fc0b65a5ec55bac530c01fc4b1
service/experiments/external_effects/works_study.py,1880,6c74fd296baa5fb397fd5870f0f62a0c32b38f5d8ae12c12ee2cbc18cfe0fb0f
service/experiments/stop_context/model.py,6190,8d3fd8f57871f35a925dfc141e160c8d1dab1b50dc9026cf531d3a313d74eb89
service/model/README.md,3556,e66361149424ddce238347210f86eb4c95cb7db44a1087ddf57144c0c7a5941a
service/model/ml/forecast/core.py,5565,819cfdc88d5b6b96bf80fb0e019eeef0678628b617d2dd077409d26265369b5f
service/model/ml/forecast/download_yandex.py,6947,300dec623de4bf983a7960e23bbd85a128c120d40e25059d1a000d898c2ff37d
service/model/ml/forecast/models.py,16401,d02f6120641005057c411d120894617027ff8b6a10a0afba37a8e5612b5e2009
service/model/ml/forecast/prepare_inputs.py,1869,9fdb609444a3e443961504e76bda2ccb1d02dadb3ad88bb0420f70fe01711dd5
service/model/ml/forecast/reference_route_model.json,1577,d346c229308017f192e614a6dde8a1f88026c014325e664fe8ed611325baf894
service/model/ml/forecast/route_specific.py,14212,3f9a0f92eb4bdccf0a4ad777efc06dcf24cf09ac03718c4eb678c553855f4a4c
service/model/ml/forecast/run.py,10192,ce421c6fc8d77406a3817c0a15253f3464d360cc7c69bb78e8bd131edef46072
service/model/ml/forecast/test_download_yandex.py,4331,9ca4e25061931b50b2b1730e4085f44add1c9d9a0071cd1290779e5b939666d1
service/model/ml/forecast/test_pipeline.py,12409,267a014e6b267f4c792b7a90c8679c98ee94e3e36e070baa706a89f5fa8f399b
service/model/ml/forecast/test_route_specific.py,3520,a4e356ccbfafade57b8bd33821f63895a866c13f98ba80832bead1caeba7b5f5
service/model/ml/forecast/test_weather_competition.py,2983,69a0829537f335cae8d4f00e218fff3af3030069fbba319a94343791693db09d
service/model/ml/forecast/weather_competition.py,12276,cd21d93a65ae8f8ee66f54005ece5063e26e15cff64cd64c4e6dcf45e1d4dc11
service/model/ml/forecast/weather_source.json,540,0a6f625573c314cfde5991f1da6c505dd5c74841141e7c94c07a9594bcbee3aa
service/model/ml/submit/adapter.py,4041,9767bfd9573ea7637669e37bac42e75e45205f29d533d24d1d397f646047d97d
service/model/model.local.pkl,1931627,0b2ae101f29424e3a38e7b3cfc5c0de0c6eca384a301222de335794b2f89ea3f
service/model/predict.py,350,161968388215edcae6e1355a0b9e00b274b792e39bcee301a23d87e1d6518b32
service/requirements.txt,82,c1d187f9ade37b8f7939708f4be29bac4a193306856d90fff238b52e1630bcbc
service/scripts/benchmark.py,2104,8a7ca4d94a039f40714cd17663f02d03bf250b82fa2098d1228270daf51fdf55
service/scripts/benchmark_release.py,7572,7af23008f48fbb3b15b2cf3103d7ac8e96b049ace8e1109383c595f99ca47be6
service/scripts/benchmark_target.py,2337,ec836ab6a03ff04d8c87e5a8adf6f18b5ba64b2a8d197733db207e16cb55752d
service/scripts/build_backtest.py,4201,08e5a92796495265420d461e6cc10909e3f44da9fe98e115f060f952844e58b1
service/scripts/build_quality.py,4013,447b05ad6303f6ef136c97ced439fa0294a20b1ddb7fe70838ec87fb211cfd0a
service/scripts/build_routes.py,1836,4129720709431418cd160ad2c42a4fc7fa641cf4ec33d600f3a4df2f51169c31
service/scripts/create_auth.py,1166,e9b0af75be0157f704574368e880f9d1a9745fdeabd362f5166b324f34c151a9
service/scripts/entrypoint.py,1077,313af91d292835fbd71ab69afd7bdc88f4c8ebddf60bcdfc755353a07d00d5ff
service/scripts/export_current.py,1186,ea09b90de47c8d73a93672515dddd6be2c9059e8b4fad4ddeda6fbe6fae9b572
service/scripts/fetch_context.py,15144,88fc6d6f2bc748238f6b55e31acc8da52021051386b40f63096ae5475b53c5f2
service/scripts/import_geometry.py,1804,a500f00ab2fea227e163c529a9e6b99548c6d07a8195cc6cff86ad2178249db2
service/scripts/ingest.py,2227,991d4b590f98e195d90447fd30858e433cb8039f3ee4b3fb853763976dff232f
service/secrets/.gitkeep,0,e3b0c44298fc1c149afbf4c8996fb92427ae41e4649b934ca495991b7852b855
service/secrets/README.md,217,d875f4e868d0b547029a39eadc5b97af44b91209856240faadc147189b64e368
service/setup-auth.ps1,1727,163e72160a66c6ef1bc63a7636d204e19580ef108fe1ca30d9c65b7f25f91549
service/start.ps1,158,47e15458b28ed6adb6575e079fdf88b2fd56dde6f0e6945bd583a6439902f7f2
service/start.sh,385,387025b2462db44f42b13108512b7c03f46544390fdbf1b5e9f31da9aaa1f7ad
service/tests/test_current_api.py,3396,497f542e43a0e62ef32320c834fa296807613463c131d62239a483d02fcf1f25
service/tests/test_current_model.py,3493,3d7511de9c5282e34d38478544be414ae752d43b1181ca9a56dbb45baed1a828
service/tests/test_planner_reports.py,4150,bb037bbdd19ca0f4bfce8a3c8ca2f56219fa7b3a0e61b2e4e3abacdae56f19c4
service/tests/ui_dom.cjs,3386,5c887ac60b963d6ebb903207727bc44e78ad5560b80fd68090cf1fba9738d0bb
submission/submission_competition.csv,293532,a9fa876d26d5bec3952c5ebaafc91673656306952a4cf8660d205a37241a856c
tests/README.md,2239,51280907996add22e8033ef593c45d520e284eebf23e9ac407b3136601efc362
tests/acceptance.py,22557,64966d94f021000e32703231af3d21a02041765c799f9550225860cc8b070c19
tests/evidence/delivery_status.json,345,d51e4ba07d18a7d7f95b99c834c58d36cba9a1d224baf9ab8a28504d5d260143
tests/evidence/https_acceptance/README_PERFORMANCE.md,6551,61dd71aa9e619526d5197e5f9468539d9cd607e055a8c7c3e6d6885bae047c59
tests/evidence/https_acceptance/developments.json,2721,dcabe2067f6f7e87481ba87969bbcd5999b0fbd88ba84b273a0ce59a7e592e45
tests/evidence/https_acceptance/docker_version.json,1699,710da116afc963a5186b8be5f02fa49f28c7ff00cea33de998d3e5b089a56f67
tests/evidence/https_acceptance/forecast_only_requests.json,945675,99ebca0635d0983e27789bb774d23abe5ebbf76a74dfe4d1687b24e55ad3118f
tests/evidence/https_acceptance/foreground_during_year.json,4109,ac7bd9af451f06f648a899eab5375aeacf45c49daaf135121816ad17641f22ce
tests/evidence/https_acceptance/https_mix_24_requests.json,451733,c3eb56a8ab319b4455f54e8f4212d62ad236cbd74d816333758decb73efdae95
tests/evidence/https_acceptance/https_mix_8_requests.json,438151,e89b5eed08d105540e5173ca38d0417015b11f6a4b6e27651a244aaef6f440a6
tests/evidence/https_acceptance/ingestion.json,380,a18c67895f16853489fb1eef8745db093c8e000e247beb86dfaf94f7889c5c84
tests/evidence/https_acceptance/model.json,2518,5c7c772b82ef587185318c51312dbe1076dcb71cf4639c90cd012a76a12f083d
tests/evidence/https_acceptance/offered_200rps_requests.json,586562,3508c488a0a05d5fb85eadb461dc50890a909c79d180fc86aad09c15ff0d2d3b
tests/evidence/https_acceptance/offered_300rps_requests.json,590535,9be1d4d4e3c1c3c8ac5a7a5b219378d9168f35ce4cc8100e012e1050dd87fb62
tests/evidence/https_acceptance/pdf_requests.json,14612,d1d47f903a8ac5d8893a7843ed3266502c76ad66522cdcf7090fa1922b0452d8
tests/evidence/https_acceptance/report.json,18317,3d4ae8455a6c68a964b23025900ca4e7e96305a614cfdd3927d4a5371f6902d7
tests/evidence/https_acceptance/resources.jsonl,176208,4edc15d522444a2243d0bde67ae3a08e47ffdb3ecd24fc2fe0a3cb575bbc891f
tests/evidence/https_acceptance/runtime_fingerprint.json,419,7cf6d8d5918cc727b1236e0153b167850dfbe80c725e36159c54a2e471bc8762
tests/evidence/https_acceptance/soak_10min_requests.json,8600116,490e078f0115fbfcf14c36eb5d3f0bd10abbd9509db889ce9ded72eeea983088
tests/evidence/https_acceptance/sources.json,1218,5018970fd6b2c32762b464f1eecde92411a108f9db588f478930cfb3e0e9bc6a
tests/evidence/https_acceptance/synthetic_ingest/events.csv,4689070,3b4314294cec3e1589ae43da26abaac37a48fcad40081c648cf12e6d4ced8aac
tests/evidence/https_acceptance/synthetic_ingest/normalized.audit.json,108,583a64566e86323515d0e3335136061d45454a2650bd35d312669b7e4e51f057
tests/evidence/https_acceptance/synthetic_ingest/normalized.csv,100,b08ddfe36b08ddee916780d58dcc06aa3a7f9557474c7097a478f91631332710
tests/evidence/https_acceptance/synthetic_ingest/schedule.csv,15,9b1cbfe29171e4e74237cfd37cd49f173b0d4f6ec1b03c9760308fe41da78ff8
tests/evidence/https_acceptance/upload_and_forecast_requests.json,403714,7c0b74d79156f70689d070aba5a191193ea7676c79b061d1a5c362e231fac3eb
tests/evidence/https_acceptance/weekly_events_requests.json,19348,042e873d3d8504d259a37f8fa3ef18f4e8fb7f2c677798a4dc22cf9eadc2fb3f
tests/evidence/https_acceptance/weekly_varied_requests.json,913853,b21d4b6e33d0dabb81fcc6ee4827b61162eb7a8ea2fea99a837c910554837782
tests/evidence/previous_functional_tests.txt,51199,450ce75cdbfb92ea1a86d930950e5bb5a41e6b5507cbbe1ec894dc04fdde4e03
tests/evidence/site_model_card.json,2518,5c7c772b82ef587185318c51312dbe1076dcb71cf4639c90cd012a76a12f083d
tests/evidence/verification.json,275,aaa28d164a7e07c48cf7b25eb72f9661e6735d1f127823829384bbc0df227b5f
tests/https_acceptance_original.tar.gz,1536061,29dfe7665c7b891d78e95fb218281b91f07487fe8832fa52e7babe0269dfaa68
